,layer,activation,solver,learning_rate,alpha,accuracy
300,"(32, 32)",tanh,adam,0.0001,0.0001,1.0
541,"(128, 128)",tanh,adam,0.0001,0.001,1.0
31,"(8, 8)",relu,adam,0.01,0.001,1.0
32,"(8, 8)",relu,adam,0.01,0.01,1.0
528,"(128, 128)",tanh,sgd,0.001,0.1,1.0
148,"(16, 16)",relu,adam,0.001,0.1,1.0
147,"(16, 16)",relu,adam,0.001,0.01,1.0
266,"(32, 32)",relu,adam,0.001,0.001,1.0
141,"(16, 16)",relu,adam,0.0001,0.001,1.0
504,"(128, 128)",relu,adam,0.0001,1.0,1.0
492,"(128, 128)",relu,sgd,0.01,0.01,1.0
288,"(32, 32)",tanh,sgd,0.001,0.1,1.0
131,"(16, 16)",relu,sgd,0.01,0.001,1.0
304,"(32, 32)",tanh,adam,0.0001,1.0,1.0
62,"(8, 8)",tanh,adam,0.0001,0.01,1.0
480,"(128, 128)",relu,sgd,0.0001,0.0001,1.0
126,"(16, 16)",relu,sgd,0.001,0.001,1.0
308,"(32, 32)",tanh,adam,0.001,0.1,1.0
430,"(64, 64)",tanh,adam,0.01,0.0001,1.0
369,"(64, 64)",relu,sgd,0.001,1.0,1.0
371,"(64, 64)",relu,sgd,0.01,0.001,1.0
412,"(64, 64)",tanh,sgd,0.01,0.01,1.0
405,"(64, 64)",tanh,sgd,0.001,0.0001,1.0
27,"(8, 8)",relu,adam,0.001,0.01,1.0
503,"(128, 128)",relu,adam,0.0001,0.1,1.0
192,"(16, 16)",tanh,adam,0.01,0.01,1.0
545,"(128, 128)",tanh,adam,0.001,0.0001,1.0
23,"(8, 8)",relu,adam,0.0001,0.1,1.0
191,"(16, 16)",tanh,adam,0.01,0.001,1.0
5,"(8, 8)",relu,sgd,0.001,0.0001,1.0
187,"(16, 16)",tanh,adam,0.001,0.01,1.0
6,"(8, 8)",relu,sgd,0.001,0.001,1.0
185,"(16, 16)",tanh,adam,0.001,0.0001,1.0
346,"(32, 32)",logistic,adam,0.001,0.001,0.9882352941176471
345,"(32, 32)",logistic,adam,0.001,0.0001,0.9882352941176471
342,"(32, 32)",logistic,adam,0.0001,0.01,0.9882352941176471
340,"(32, 32)",logistic,adam,0.0001,0.0001,0.9882352941176471
341,"(32, 32)",logistic,adam,0.0001,0.001,0.9882352941176471
360,"(64, 64)",relu,sgd,0.0001,0.0001,0.9882352941176471
329,"(32, 32)",logistic,sgd,0.001,1.0,0.9882352941176471
325,"(32, 32)",logistic,sgd,0.001,0.0001,0.9882352941176471
312,"(32, 32)",tanh,adam,0.01,0.01,0.9882352941176471
307,"(32, 32)",tanh,adam,0.001,0.01,0.9882352941176471
188,"(16, 16)",tanh,adam,0.001,0.1,0.9882352941176471
305,"(32, 32)",tanh,adam,0.001,0.0001,0.9882352941176471
357,"(32, 32)",logistic,adam,0.1,0.01,0.9882352941176471
368,"(64, 64)",relu,sgd,0.001,0.1,0.9882352941176471
365,"(64, 64)",relu,sgd,0.001,0.0001,0.9882352941176471
366,"(64, 64)",relu,sgd,0.001,0.001,0.9882352941176471
370,"(64, 64)",relu,sgd,0.01,0.0001,0.9882352941176471
372,"(64, 64)",relu,sgd,0.01,0.01,0.9882352941176471
374,"(64, 64)",relu,sgd,0.01,1.0,0.9882352941176471
184,"(16, 16)",tanh,adam,0.0001,1.0,0.9882352941176471
381,"(64, 64)",relu,adam,0.0001,0.001,0.9882352941176471
382,"(64, 64)",relu,adam,0.0001,0.01,0.9882352941176471
384,"(64, 64)",relu,adam,0.0001,1.0,0.9882352941176471
181,"(16, 16)",tanh,adam,0.0001,0.001,0.9882352941176471
385,"(64, 64)",relu,adam,0.001,0.0001,0.9882352941176471
386,"(64, 64)",relu,adam,0.001,0.001,0.9882352941176471
387,"(64, 64)",relu,adam,0.001,0.01,0.9882352941176471
388,"(64, 64)",relu,adam,0.001,0.1,0.9882352941176471
189,"(16, 16)",tanh,adam,0.001,1.0,0.9882352941176471
245,"(32, 32)",relu,sgd,0.001,0.0001,0.9882352941176471
246,"(32, 32)",relu,sgd,0.001,0.001,0.9882352941176471
262,"(32, 32)",relu,adam,0.0001,0.01,0.9882352941176471
226,"(16, 16)",logistic,adam,0.001,0.001,0.9882352941176471
265,"(32, 32)",relu,adam,0.001,0.0001,0.9882352941176471
264,"(32, 32)",relu,adam,0.0001,1.0,0.9882352941176471
236,"(16, 16)",logistic,adam,0.1,0.001,0.9882352941176471
241,"(32, 32)",relu,sgd,0.0001,0.001,0.9882352941176471
263,"(32, 32)",relu,adam,0.0001,0.1,0.9882352941176471
254,"(32, 32)",relu,sgd,0.01,1.0,0.9882352941176471
303,"(32, 32)",tanh,adam,0.0001,0.1,0.9882352941176471
252,"(32, 32)",relu,sgd,0.01,0.01,0.9882352941176471
242,"(32, 32)",relu,sgd,0.0001,0.01,0.9882352941176471
244,"(32, 32)",relu,sgd,0.0001,1.0,0.9882352941176471
250,"(32, 32)",relu,sgd,0.01,0.0001,0.9882352941176471
248,"(32, 32)",relu,sgd,0.001,0.1,0.9882352941176471
247,"(32, 32)",relu,sgd,0.001,0.01,0.9882352941176471
267,"(32, 32)",relu,adam,0.001,0.01,0.9882352941176471
268,"(32, 32)",relu,adam,0.001,0.1,0.9882352941176471
223,"(16, 16)",logistic,adam,0.0001,0.1,0.9882352941176471
270,"(32, 32)",relu,adam,0.01,0.0001,0.9882352941176471
222,"(16, 16)",logistic,adam,0.0001,0.01,0.9882352941176471
390,"(64, 64)",relu,adam,0.01,0.0001,0.9882352941176471
271,"(32, 32)",relu,adam,0.01,0.001,0.9882352941176471
272,"(32, 32)",relu,adam,0.01,0.01,0.9882352941176471
273,"(32, 32)",relu,adam,0.01,0.1,0.9882352941176471
274,"(32, 32)",relu,adam,0.01,1.0,0.9882352941176471
221,"(16, 16)",logistic,adam,0.0001,0.001,0.9882352941176471
275,"(32, 32)",relu,adam,0.1,0.0001,0.9882352941176471
286,"(32, 32)",tanh,sgd,0.001,0.001,0.9882352941176471
220,"(16, 16)",logistic,adam,0.0001,0.0001,0.9882352941176471
293,"(32, 32)",tanh,sgd,0.01,0.1,0.9882352941176471
193,"(16, 16)",tanh,adam,0.01,0.1,0.9882352941176471
299,"(32, 32)",tanh,sgd,0.1,1.0,0.9882352941176471
389,"(64, 64)",relu,adam,0.001,1.0,0.9882352941176471
409,"(64, 64)",tanh,sgd,0.001,1.0,0.9882352941176471
391,"(64, 64)",relu,adam,0.01,0.001,0.9882352941176471
526,"(128, 128)",tanh,sgd,0.001,0.001,0.9882352941176471
537,"(128, 128)",tanh,sgd,0.1,0.01,0.9882352941176471
536,"(128, 128)",tanh,sgd,0.1,0.001,0.9882352941176471
533,"(128, 128)",tanh,sgd,0.01,0.1,0.9882352941176471
532,"(128, 128)",tanh,sgd,0.01,0.01,0.9882352941176471
531,"(128, 128)",tanh,sgd,0.01,0.001,0.9882352941176471
530,"(128, 128)",tanh,sgd,0.01,0.0001,0.9882352941176471
529,"(128, 128)",tanh,sgd,0.001,1.0,0.9882352941176471
523,"(128, 128)",tanh,sgd,0.0001,0.1,0.9882352941176471
540,"(128, 128)",tanh,adam,0.0001,0.0001,0.9882352941176471
512,"(128, 128)",relu,adam,0.01,0.01,0.9882352941176471
511,"(128, 128)",relu,adam,0.01,0.001,0.9882352941176471
510,"(128, 128)",relu,adam,0.01,0.0001,0.9882352941176471
509,"(128, 128)",relu,adam,0.001,1.0,0.9882352941176471
508,"(128, 128)",relu,adam,0.001,0.1,0.9882352941176471
507,"(128, 128)",relu,adam,0.001,0.01,0.9882352941176471
506,"(128, 128)",relu,adam,0.001,0.001,0.9882352941176471
538,"(128, 128)",tanh,sgd,0.1,0.1,0.9882352941176471
542,"(128, 128)",tanh,adam,0.0001,0.01,0.9882352941176471
501,"(128, 128)",relu,adam,0.0001,0.001,0.9882352941176471
581,"(128, 128)",logistic,adam,0.0001,0.001,0.9882352941176471
597,"(128, 128)",logistic,adam,0.1,0.01,0.9882352941176471
595,"(128, 128)",logistic,adam,0.1,0.0001,0.9882352941176471
591,"(128, 128)",logistic,adam,0.01,0.001,0.9882352941176471
590,"(128, 128)",logistic,adam,0.01,0.0001,0.9882352941176471
587,"(128, 128)",logistic,adam,0.001,0.01,0.9882352941176471
583,"(128, 128)",logistic,adam,0.0001,0.1,0.9882352941176471
582,"(128, 128)",logistic,adam,0.0001,0.01,0.9882352941176471
580,"(128, 128)",logistic,adam,0.0001,0.0001,0.9882352941176471
543,"(128, 128)",tanh,adam,0.0001,0.1,0.9882352941176471
568,"(128, 128)",logistic,sgd,0.001,0.1,0.9882352941176471
566,"(128, 128)",logistic,sgd,0.001,0.001,0.9882352941176471
552,"(128, 128)",tanh,adam,0.01,0.01,0.9882352941176471
551,"(128, 128)",tanh,adam,0.01,0.001,0.9882352941176471
548,"(128, 128)",tanh,adam,0.001,0.1,0.9882352941176471
547,"(128, 128)",tanh,adam,0.001,0.01,0.9882352941176471
546,"(128, 128)",tanh,adam,0.001,0.001,0.9882352941176471
502,"(128, 128)",relu,adam,0.0001,0.01,0.9882352941176471
494,"(128, 128)",relu,sgd,0.01,1.0,0.9882352941176471
392,"(64, 64)",relu,adam,0.01,0.01,0.9882352941176471
419,"(64, 64)",tanh,sgd,0.1,1.0,0.9882352941176471
427,"(64, 64)",tanh,adam,0.001,0.01,0.9882352941176471
426,"(64, 64)",tanh,adam,0.001,0.001,0.9882352941176471
425,"(64, 64)",tanh,adam,0.001,0.0001,0.9882352941176471
424,"(64, 64)",tanh,adam,0.0001,1.0,0.9882352941176471
423,"(64, 64)",tanh,adam,0.0001,0.1,0.9882352941176471
422,"(64, 64)",tanh,adam,0.0001,0.01,0.9882352941176471
421,"(64, 64)",tanh,adam,0.0001,0.001,0.9882352941176471
417,"(64, 64)",tanh,sgd,0.1,0.01,0.9882352941176471
431,"(64, 64)",tanh,adam,0.01,0.001,0.9882352941176471
413,"(64, 64)",tanh,sgd,0.01,0.1,0.9882352941176471
177,"(16, 16)",tanh,sgd,0.1,0.01,0.9882352941176471
408,"(64, 64)",tanh,sgd,0.001,0.1,0.9882352941176471
407,"(64, 64)",tanh,sgd,0.001,0.01,0.9882352941176471
404,"(64, 64)",tanh,sgd,0.0001,1.0,0.9882352941176471
395,"(64, 64)",relu,adam,0.1,0.0001,0.9882352941176471
393,"(64, 64)",relu,adam,0.01,0.1,0.9882352941176471
428,"(64, 64)",tanh,adam,0.001,0.1,0.9882352941176471
432,"(64, 64)",tanh,adam,0.01,0.01,0.9882352941176471
493,"(128, 128)",relu,sgd,0.01,0.1,0.9882352941176471
481,"(128, 128)",relu,sgd,0.0001,0.001,0.9882352941176471
491,"(128, 128)",relu,sgd,0.01,0.001,0.9882352941176471
490,"(128, 128)",relu,sgd,0.01,0.0001,0.9882352941176471
489,"(128, 128)",relu,sgd,0.001,1.0,0.9882352941176471
488,"(128, 128)",relu,sgd,0.001,0.1,0.9882352941176471
484,"(128, 128)",relu,sgd,0.0001,1.0,0.9882352941176471
483,"(128, 128)",relu,sgd,0.0001,0.1,0.9882352941176471
482,"(128, 128)",relu,sgd,0.0001,0.01,0.9882352941176471
476,"(64, 64)",logistic,adam,0.1,0.001,0.9882352941176471
435,"(64, 64)",tanh,adam,0.1,0.0001,0.9882352941176471
473,"(64, 64)",logistic,adam,0.01,0.1,0.9882352941176471
466,"(64, 64)",logistic,adam,0.001,0.001,0.9882352941176471
465,"(64, 64)",logistic,adam,0.001,0.0001,0.9882352941176471
463,"(64, 64)",logistic,adam,0.0001,0.1,0.9882352941176471
462,"(64, 64)",logistic,adam,0.0001,0.01,0.9882352941176471
461,"(64, 64)",logistic,adam,0.0001,0.001,0.9882352941176471
460,"(64, 64)",logistic,adam,0.0001,0.0001,0.9882352941176471
180,"(16, 16)",tanh,adam,0.0001,0.0001,0.9882352941176471
0,"(8, 8)",relu,sgd,0.0001,0.0001,0.9882352941176471
33,"(8, 8)",relu,adam,0.01,0.1,0.9882352941176471
48,"(8, 8)",tanh,sgd,0.001,0.1,0.9882352941176471
100,"(8, 8)",logistic,adam,0.0001,0.0001,0.9882352941176471
26,"(8, 8)",relu,adam,0.001,0.001,0.9882352941176471
165,"(16, 16)",tanh,sgd,0.001,0.0001,0.9882352941176471
162,"(16, 16)",tanh,sgd,0.0001,0.01,0.9882352941176471
130,"(16, 16)",relu,sgd,0.01,0.0001,0.9882352941176471
41,"(8, 8)",tanh,sgd,0.0001,0.001,0.9882352941176471
43,"(8, 8)",tanh,sgd,0.0001,0.1,0.9882352941176471
45,"(8, 8)",tanh,sgd,0.001,0.0001,0.9882352941176471
73,"(8, 8)",tanh,adam,0.01,0.1,0.9882352941176471
49,"(8, 8)",tanh,sgd,0.001,1.0,0.9882352941176471
102,"(8, 8)",logistic,adam,0.0001,0.01,0.9882352941176471
50,"(8, 8)",tanh,sgd,0.01,0.0001,0.9882352941176471
154,"(16, 16)",relu,adam,0.01,1.0,0.9882352941176471
53,"(8, 8)",tanh,sgd,0.01,0.1,0.9882352941176471
151,"(16, 16)",relu,adam,0.01,0.001,0.9882352941176471
60,"(8, 8)",tanh,adam,0.0001,0.0001,0.9882352941176471
145,"(16, 16)",relu,adam,0.001,0.0001,0.9882352941176471
71,"(8, 8)",tanh,adam,0.01,0.001,0.9882352941176471
142,"(16, 16)",relu,adam,0.0001,0.01,0.9882352941176471
70,"(8, 8)",tanh,adam,0.01,0.0001,0.9882352941176471
101,"(8, 8)",logistic,adam,0.0001,0.001,0.9882352941176471
68,"(8, 8)",tanh,adam,0.001,0.1,0.9882352941176471
168,"(16, 16)",tanh,sgd,0.001,0.1,0.9882352941176471
121,"(16, 16)",relu,sgd,0.0001,0.001,0.9882352941176471
105,"(8, 8)",logistic,adam,0.001,0.0001,0.9882352941176471
167,"(16, 16)",tanh,sgd,0.001,0.01,0.9882352941176471
107,"(8, 8)",logistic,adam,0.001,0.01,0.9882352941176471
111,"(8, 8)",logistic,adam,0.01,0.001,0.9882352941176471
113,"(8, 8)",logistic,adam,0.01,0.1,0.9882352941176471
106,"(8, 8)",logistic,adam,0.001,0.001,0.9882352941176471
172,"(16, 16)",tanh,sgd,0.01,0.01,0.9882352941176471
103,"(8, 8)",logistic,adam,0.0001,0.1,0.9764705882352941
446,"(64, 64)",logistic,sgd,0.001,0.001,0.9764705882352941
448,"(64, 64)",logistic,sgd,0.001,0.1,0.9764705882352941
447,"(64, 64)",logistic,sgd,0.001,0.01,0.9764705882352941
72,"(8, 8)",tanh,adam,0.01,0.01,0.9764705882352941
112,"(8, 8)",logistic,adam,0.01,0.01,0.9764705882352941
445,"(64, 64)",logistic,sgd,0.001,0.0001,0.9764705882352941
434,"(64, 64)",tanh,adam,0.01,1.0,0.9764705882352941
367,"(64, 64)",relu,sgd,0.001,0.01,0.9764705882352941
109,"(8, 8)",logistic,adam,0.001,1.0,0.9764705882352941
449,"(64, 64)",logistic,sgd,0.001,1.0,0.9764705882352941
450,"(64, 64)",logistic,sgd,0.01,0.0001,0.9764705882352941
74,"(8, 8)",tanh,adam,0.01,1.0,0.9764705882352941
458,"(64, 64)",logistic,sgd,0.1,0.1,0.9764705882352941
69,"(8, 8)",tanh,adam,0.001,1.0,0.9764705882352941
350,"(32, 32)",logistic,adam,0.01,0.0001,0.9764705882352941
352,"(32, 32)",logistic,adam,0.01,0.01,0.9764705882352941
355,"(32, 32)",logistic,adam,0.1,0.0001,0.9764705882352941
459,"(64, 64)",logistic,sgd,0.1,1.0,0.9764705882352941
362,"(64, 64)",relu,sgd,0.0001,0.01,0.9764705882352941
457,"(64, 64)",logistic,sgd,0.1,0.01,0.9764705882352941
451,"(64, 64)",logistic,sgd,0.01,0.001,0.9764705882352941
456,"(64, 64)",logistic,sgd,0.1,0.001,0.9764705882352941
455,"(64, 64)",logistic,sgd,0.1,0.0001,0.9764705882352941
454,"(64, 64)",logistic,sgd,0.01,1.0,0.9764705882352941
453,"(64, 64)",logistic,sgd,0.01,0.1,0.9764705882352941
452,"(64, 64)",logistic,sgd,0.01,0.01,0.9764705882352941
363,"(64, 64)",relu,sgd,0.0001,0.1,0.9764705882352941
108,"(8, 8)",logistic,adam,0.001,0.1,0.9764705882352941
77,"(8, 8)",tanh,adam,0.1,0.01,0.9764705882352941
429,"(64, 64)",tanh,adam,0.001,1.0,0.9764705882352941
90,"(8, 8)",logistic,sgd,0.01,0.0001,0.9764705882352941
104,"(8, 8)",logistic,adam,0.0001,1.0,0.9764705882352941
99,"(8, 8)",logistic,sgd,0.1,1.0,0.9764705882352941
97,"(8, 8)",logistic,sgd,0.1,0.01,0.9764705882352941
96,"(8, 8)",logistic,sgd,0.1,0.001,0.9764705882352941
95,"(8, 8)",logistic,sgd,0.1,0.0001,0.9764705882352941
94,"(8, 8)",logistic,sgd,0.01,1.0,0.9764705882352941
93,"(8, 8)",logistic,sgd,0.01,0.1,0.9764705882352941
398,"(64, 64)",relu,adam,0.1,0.1,0.9764705882352941
400,"(64, 64)",tanh,sgd,0.0001,0.0001,0.9764705882352941
401,"(64, 64)",tanh,sgd,0.0001,0.001,0.9764705882352941
92,"(8, 8)",logistic,sgd,0.01,0.01,0.9764705882352941
91,"(8, 8)",logistic,sgd,0.01,0.001,0.9764705882352941
406,"(64, 64)",tanh,sgd,0.001,0.001,0.9764705882352941
89,"(8, 8)",logistic,sgd,0.001,1.0,0.9764705882352941
383,"(64, 64)",relu,adam,0.0001,0.1,0.9764705882352941
380,"(64, 64)",relu,adam,0.0001,0.0001,0.9764705882352941
88,"(8, 8)",logistic,sgd,0.001,0.1,0.9764705882352941
411,"(64, 64)",tanh,sgd,0.01,0.001,0.9764705882352941
87,"(8, 8)",logistic,sgd,0.001,0.01,0.9764705882352941
464,"(64, 64)",logistic,adam,0.0001,1.0,0.9764705882352941
86,"(8, 8)",logistic,sgd,0.001,0.001,0.9764705882352941
414,"(64, 64)",tanh,sgd,0.01,1.0,0.9764705882352941
415,"(64, 64)",tanh,sgd,0.1,0.0001,0.9764705882352941
416,"(64, 64)",tanh,sgd,0.1,0.001,0.9764705882352941
85,"(8, 8)",logistic,sgd,0.001,0.0001,0.9764705882352941
418,"(64, 64)",tanh,sgd,0.1,0.1,0.9764705882352941
373,"(64, 64)",relu,sgd,0.01,0.1,0.9764705882352941
420,"(64, 64)",tanh,adam,0.0001,0.0001,0.9764705882352941
178,"(16, 16)",tanh,sgd,0.1,0.1,0.9764705882352941
472,"(64, 64)",logistic,adam,0.01,0.01,0.9764705882352941
67,"(8, 8)",tanh,adam,0.001,0.01,0.9764705882352941
576,"(128, 128)",logistic,sgd,0.1,0.001,0.9764705882352941
574,"(128, 128)",logistic,sgd,0.01,1.0,0.9764705882352941
573,"(128, 128)",logistic,sgd,0.01,0.1,0.9764705882352941
572,"(128, 128)",logistic,sgd,0.01,0.01,0.9764705882352941
571,"(128, 128)",logistic,sgd,0.01,0.001,0.9764705882352941
570,"(128, 128)",logistic,sgd,0.01,0.0001,0.9764705882352941
569,"(128, 128)",logistic,sgd,0.001,1.0,0.9764705882352941
13,"(8, 8)",relu,sgd,0.01,0.1,0.9764705882352941
567,"(128, 128)",logistic,sgd,0.001,0.01,0.9764705882352941
14,"(8, 8)",relu,sgd,0.01,1.0,0.9764705882352941
565,"(128, 128)",logistic,sgd,0.001,0.0001,0.9764705882352941
554,"(128, 128)",tanh,adam,0.01,1.0,0.9764705882352941
553,"(128, 128)",tanh,adam,0.01,0.1,0.9764705882352941
550,"(128, 128)",tanh,adam,0.01,0.0001,0.9764705882352941
549,"(128, 128)",tanh,adam,0.001,1.0,0.9764705882352941
544,"(128, 128)",tanh,adam,0.0001,1.0,0.9764705882352941
575,"(128, 128)",logistic,sgd,0.1,0.0001,0.9764705882352941
577,"(128, 128)",logistic,sgd,0.1,0.01,0.9764705882352941
66,"(8, 8)",tanh,adam,0.001,0.001,0.9764705882352941
578,"(128, 128)",logistic,sgd,0.1,0.1,0.9764705882352941
598,"(128, 128)",logistic,adam,0.1,0.1,0.9764705882352941
594,"(128, 128)",logistic,adam,0.01,1.0,0.9764705882352941
592,"(128, 128)",logistic,adam,0.01,0.01,0.9764705882352941
4,"(8, 8)",relu,sgd,0.0001,1.0,0.9764705882352941
7,"(8, 8)",relu,sgd,0.001,0.01,0.9764705882352941
589,"(128, 128)",logistic,adam,0.001,1.0,0.9764705882352941
588,"(128, 128)",logistic,adam,0.001,0.1,0.9764705882352941
8,"(8, 8)",relu,sgd,0.001,0.1,0.9764705882352941
586,"(128, 128)",logistic,adam,0.001,0.001,0.9764705882352941
585,"(128, 128)",logistic,adam,0.001,0.0001,0.9764705882352941
584,"(128, 128)",logistic,adam,0.0001,1.0,0.9764705882352941
10,"(8, 8)",relu,sgd,0.01,0.0001,0.9764705882352941
11,"(8, 8)",relu,sgd,0.01,0.001,0.9764705882352941
12,"(8, 8)",relu,sgd,0.01,0.01,0.9764705882352941
579,"(128, 128)",logistic,sgd,0.1,1.0,0.9764705882352941
21,"(8, 8)",relu,adam,0.0001,0.001,0.9764705882352941
24,"(8, 8)",relu,adam,0.0001,1.0,0.9764705882352941
25,"(8, 8)",relu,adam,0.001,0.0001,0.9764705882352941
28,"(8, 8)",relu,adam,0.001,0.1,0.9764705882352941
57,"(8, 8)",tanh,sgd,0.1,0.01,0.9764705882352941
487,"(128, 128)",relu,sgd,0.001,0.01,0.9764705882352941
486,"(128, 128)",relu,sgd,0.001,0.001,0.9764705882352941
485,"(128, 128)",relu,sgd,0.001,0.0001,0.9764705882352941
59,"(8, 8)",tanh,sgd,0.1,1.0,0.9764705882352941
61,"(8, 8)",tanh,adam,0.0001,0.001,0.9764705882352941
64,"(8, 8)",tanh,adam,0.0001,1.0,0.9764705882352941
475,"(64, 64)",logistic,adam,0.1,0.0001,0.9764705882352941
65,"(8, 8)",tanh,adam,0.001,0.0001,0.9764705882352941
348,"(32, 32)",logistic,adam,0.001,0.1,0.9764705882352941
471,"(64, 64)",logistic,adam,0.01,0.001,0.9764705882352941
470,"(64, 64)",logistic,adam,0.01,0.0001,0.9764705882352941
469,"(64, 64)",logistic,adam,0.001,1.0,0.9764705882352941
468,"(64, 64)",logistic,adam,0.001,0.1,0.9764705882352941
467,"(64, 64)",logistic,adam,0.001,0.01,0.9764705882352941
54,"(8, 8)",tanh,sgd,0.01,1.0,0.9764705882352941
52,"(8, 8)",tanh,sgd,0.01,0.01,0.9764705882352941
51,"(8, 8)",tanh,sgd,0.01,0.001,0.9764705882352941
520,"(128, 128)",tanh,sgd,0.0001,0.0001,0.9764705882352941
535,"(128, 128)",tanh,sgd,0.1,0.0001,0.9764705882352941
534,"(128, 128)",tanh,sgd,0.01,1.0,0.9764705882352941
527,"(128, 128)",tanh,sgd,0.001,0.01,0.9764705882352941
525,"(128, 128)",tanh,sgd,0.001,0.0001,0.9764705882352941
522,"(128, 128)",tanh,sgd,0.0001,0.01,0.9764705882352941
521,"(128, 128)",tanh,sgd,0.0001,0.001,0.9764705882352941
518,"(128, 128)",relu,adam,0.1,0.1,0.9764705882352941
500,"(128, 128)",relu,adam,0.0001,0.0001,0.9764705882352941
513,"(128, 128)",relu,adam,0.01,0.1,0.9764705882352941
40,"(8, 8)",tanh,sgd,0.0001,0.0001,0.9764705882352941
44,"(8, 8)",tanh,sgd,0.0001,1.0,0.9764705882352941
46,"(8, 8)",tanh,sgd,0.001,0.001,0.9764705882352941
505,"(128, 128)",relu,adam,0.001,0.0001,0.9764705882352941
47,"(8, 8)",tanh,sgd,0.001,0.01,0.9764705882352941
349,"(32, 32)",logistic,adam,0.001,1.0,0.9764705882352941
98,"(8, 8)",logistic,sgd,0.1,0.1,0.9764705882352941
347,"(32, 32)",logistic,adam,0.001,0.01,0.9764705882352941
238,"(16, 16)",logistic,adam,0.1,0.1,0.9764705882352941
235,"(16, 16)",logistic,adam,0.1,0.0001,0.9764705882352941
234,"(16, 16)",logistic,adam,0.01,1.0,0.9764705882352941
292,"(32, 32)",tanh,sgd,0.01,0.01,0.9764705882352941
233,"(16, 16)",logistic,adam,0.01,0.1,0.9764705882352941
294,"(32, 32)",tanh,sgd,0.01,1.0,0.9764705882352941
295,"(32, 32)",tanh,sgd,0.1,0.0001,0.9764705882352941
232,"(16, 16)",logistic,adam,0.01,0.01,0.9764705882352941
231,"(16, 16)",logistic,adam,0.01,0.001,0.9764705882352941
230,"(16, 16)",logistic,adam,0.01,0.0001,0.9764705882352941
297,"(32, 32)",tanh,sgd,0.1,0.01,0.9764705882352941
229,"(16, 16)",logistic,adam,0.001,1.0,0.9764705882352941
228,"(16, 16)",logistic,adam,0.001,0.1,0.9764705882352941
227,"(16, 16)",logistic,adam,0.001,0.01,0.9764705882352941
225,"(16, 16)",logistic,adam,0.001,0.0001,0.9764705882352941
298,"(32, 32)",tanh,sgd,0.1,0.1,0.9764705882352941
224,"(16, 16)",logistic,adam,0.0001,1.0,0.9764705882352941
301,"(32, 32)",tanh,adam,0.0001,0.001,0.9764705882352941
302,"(32, 32)",tanh,adam,0.0001,0.01,0.9764705882352941
129,"(16, 16)",relu,sgd,0.001,1.0,0.9764705882352941
128,"(16, 16)",relu,sgd,0.001,0.1,0.9764705882352941
127,"(16, 16)",relu,sgd,0.001,0.01,0.9764705882352941
125,"(16, 16)",relu,sgd,0.001,0.0001,0.9764705882352941
163,"(16, 16)",tanh,sgd,0.0001,0.1,0.9764705882352941
124,"(16, 16)",relu,sgd,0.0001,1.0,0.9764705882352941
309,"(32, 32)",tanh,adam,0.001,1.0,0.9764705882352941
161,"(16, 16)",tanh,sgd,0.0001,0.001,0.9764705882352941
240,"(32, 32)",relu,sgd,0.0001,0.0001,0.9764705882352941
311,"(32, 32)",tanh,adam,0.01,0.001,0.9764705882352941
160,"(16, 16)",tanh,sgd,0.0001,0.0001,0.9764705882352941
116,"(8, 8)",logistic,adam,0.1,0.001,0.9764705882352941
261,"(32, 32)",relu,adam,0.0001,0.001,0.9764705882352941
150,"(16, 16)",relu,adam,0.01,0.0001,0.9764705882352941
149,"(16, 16)",relu,adam,0.001,1.0,0.9764705882352941
146,"(16, 16)",relu,adam,0.001,0.001,0.9764705882352941
144,"(16, 16)",relu,adam,0.0001,1.0,0.9764705882352941
143,"(16, 16)",relu,adam,0.0001,0.1,0.9764705882352941
269,"(32, 32)",relu,adam,0.001,1.0,0.9764705882352941
140,"(16, 16)",relu,adam,0.0001,0.0001,0.9764705882352941
152,"(16, 16)",relu,adam,0.01,0.01,0.9764705882352941
251,"(32, 32)",relu,sgd,0.01,0.001,0.9764705882352941
277,"(32, 32)",relu,adam,0.1,0.01,0.9764705882352941
279,"(32, 32)",relu,adam,0.1,1.0,0.9764705882352941
249,"(32, 32)",relu,sgd,0.001,1.0,0.9764705882352941
281,"(32, 32)",tanh,sgd,0.0001,0.001,0.9764705882352941
282,"(32, 32)",tanh,sgd,0.0001,0.01,0.9764705882352941
155,"(16, 16)",relu,adam,0.1,0.0001,0.9764705882352941
284,"(32, 32)",tanh,sgd,0.0001,1.0,0.9764705882352941
156,"(16, 16)",relu,adam,0.1,0.001,0.9764705882352941
134,"(16, 16)",relu,sgd,0.01,1.0,0.9764705882352941
133,"(16, 16)",relu,sgd,0.01,0.1,0.9764705882352941
289,"(32, 32)",tanh,sgd,0.001,1.0,0.9764705882352941
290,"(32, 32)",tanh,sgd,0.01,0.0001,0.9764705882352941
291,"(32, 32)",tanh,sgd,0.01,0.001,0.9764705882352941
159,"(16, 16)",relu,adam,0.1,1.0,0.9764705882352941
310,"(32, 32)",tanh,adam,0.01,0.0001,0.9764705882352941
306,"(32, 32)",tanh,adam,0.001,0.001,0.9764705882352941
123,"(16, 16)",relu,sgd,0.0001,0.1,0.9764705882352941
339,"(32, 32)",logistic,sgd,0.1,1.0,0.9764705882352941
206,"(16, 16)",logistic,sgd,0.001,0.001,0.9764705882352941
205,"(16, 16)",logistic,sgd,0.001,0.0001,0.9764705882352941
313,"(32, 32)",tanh,adam,0.01,0.1,0.9764705882352941
194,"(16, 16)",tanh,adam,0.01,1.0,0.9764705882352941
332,"(32, 32)",logistic,sgd,0.01,0.01,0.9764705882352941
333,"(32, 32)",logistic,sgd,0.01,0.1,0.9764705882352941
334,"(32, 32)",logistic,sgd,0.01,1.0,0.9764705882352941
335,"(32, 32)",logistic,sgd,0.1,0.0001,0.9764705882352941
336,"(32, 32)",logistic,sgd,0.1,0.001,0.9764705882352941
169,"(16, 16)",tanh,sgd,0.001,1.0,0.9764705882352941
337,"(32, 32)",logistic,sgd,0.1,0.01,0.9764705882352941
338,"(32, 32)",logistic,sgd,0.1,0.1,0.9764705882352941
190,"(16, 16)",tanh,adam,0.01,0.0001,0.9764705882352941
331,"(32, 32)",logistic,sgd,0.01,0.001,0.9764705882352941
170,"(16, 16)",tanh,sgd,0.01,0.0001,0.9764705882352941
171,"(16, 16)",tanh,sgd,0.01,0.001,0.9764705882352941
118,"(8, 8)",logistic,adam,0.1,0.1,0.9764705882352941
186,"(16, 16)",tanh,adam,0.001,0.001,0.9764705882352941
173,"(16, 16)",tanh,sgd,0.01,0.1,0.9764705882352941
174,"(16, 16)",tanh,sgd,0.01,1.0,0.9764705882352941
183,"(16, 16)",tanh,adam,0.0001,0.1,0.9764705882352941
343,"(32, 32)",logistic,adam,0.0001,0.1,0.9764705882352941
175,"(16, 16)",tanh,sgd,0.1,0.0001,0.9764705882352941
344,"(32, 32)",logistic,adam,0.0001,1.0,0.9764705882352941
176,"(16, 16)",tanh,sgd,0.1,0.001,0.9764705882352941
117,"(8, 8)",logistic,adam,0.1,0.01,0.9764705882352941
207,"(16, 16)",logistic,sgd,0.001,0.01,0.9764705882352941
260,"(32, 32)",relu,adam,0.0001,0.0001,0.9764705882352941
330,"(32, 32)",logistic,sgd,0.01,0.0001,0.9764705882352941
211,"(16, 16)",logistic,sgd,0.01,0.001,0.9764705882352941
219,"(16, 16)",logistic,sgd,0.1,1.0,0.9764705882352941
217,"(16, 16)",logistic,sgd,0.1,0.01,0.9764705882352941
216,"(16, 16)",logistic,sgd,0.1,0.001,0.9764705882352941
328,"(32, 32)",logistic,sgd,0.001,0.1,0.9764705882352941
215,"(16, 16)",logistic,sgd,0.1,0.0001,0.9764705882352941
214,"(16, 16)",logistic,sgd,0.01,1.0,0.9764705882352941
213,"(16, 16)",logistic,sgd,0.01,0.1,0.9764705882352941
166,"(16, 16)",tanh,sgd,0.001,0.001,0.9764705882352941
212,"(16, 16)",logistic,sgd,0.01,0.01,0.9764705882352941
218,"(16, 16)",logistic,sgd,0.1,0.1,0.9764705882352941
210,"(16, 16)",logistic,sgd,0.01,0.0001,0.9764705882352941
209,"(16, 16)",logistic,sgd,0.001,1.0,0.9764705882352941
208,"(16, 16)",logistic,sgd,0.001,0.1,0.9764705882352941
314,"(32, 32)",tanh,adam,0.01,1.0,0.9764705882352941
122,"(16, 16)",relu,sgd,0.0001,0.01,0.9764705882352941
326,"(32, 32)",logistic,sgd,0.001,0.001,0.9764705882352941
327,"(32, 32)",logistic,sgd,0.001,0.01,0.9764705882352941
164,"(16, 16)",tanh,sgd,0.0001,1.0,0.9764705882352941
58,"(8, 8)",tanh,sgd,0.1,0.1,0.9647058823529412
477,"(64, 64)",logistic,adam,0.1,0.01,0.9647058823529412
593,"(128, 128)",logistic,adam,0.01,0.1,0.9647058823529412
182,"(16, 16)",tanh,adam,0.0001,0.01,0.9647058823529412
29,"(8, 8)",relu,adam,0.001,1.0,0.9647058823529412
479,"(64, 64)",logistic,adam,0.1,1.0,0.9647058823529412
2,"(8, 8)",relu,sgd,0.0001,0.01,0.9647058823529412
20,"(8, 8)",relu,adam,0.0001,0.0001,0.9647058823529412
253,"(32, 32)",relu,sgd,0.01,0.1,0.9647058823529412
22,"(8, 8)",relu,adam,0.0001,0.01,0.9647058823529412
55,"(8, 8)",tanh,sgd,0.1,0.0001,0.9647058823529412
153,"(16, 16)",relu,adam,0.01,0.1,0.9647058823529412
30,"(8, 8)",relu,adam,0.01,0.0001,0.9647058823529412
34,"(8, 8)",relu,adam,0.01,1.0,0.9647058823529412
38,"(8, 8)",relu,adam,0.1,0.1,0.9647058823529412
243,"(32, 32)",relu,sgd,0.0001,0.1,0.9647058823529412
9,"(8, 8)",relu,sgd,0.001,1.0,0.9647058823529412
514,"(128, 128)",relu,adam,0.01,1.0,0.9647058823529412
42,"(8, 8)",tanh,sgd,0.0001,0.01,0.9647058823529412
239,"(16, 16)",logistic,adam,0.1,1.0,0.9647058823529412
474,"(64, 64)",logistic,adam,0.01,1.0,0.9647058823529412
79,"(8, 8)",tanh,adam,0.1,1.0,0.9647058823529412
132,"(16, 16)",relu,sgd,0.01,0.01,0.9647058823529412
394,"(64, 64)",relu,adam,0.01,1.0,0.9647058823529412
179,"(16, 16)",tanh,sgd,0.1,1.0,0.9647058823529412
396,"(64, 64)",relu,adam,0.1,0.001,0.9647058823529412
110,"(8, 8)",logistic,adam,0.01,0.0001,0.9647058823529412
120,"(16, 16)",relu,sgd,0.0001,0.0001,0.9647058823529412
364,"(64, 64)",relu,sgd,0.0001,1.0,0.9647058823529412
285,"(32, 32)",tanh,sgd,0.001,0.0001,0.9647058823529412
283,"(32, 32)",tanh,sgd,0.0001,0.1,0.9647058823529412
280,"(32, 32)",tanh,sgd,0.0001,0.0001,0.9647058823529412
278,"(32, 32)",relu,adam,0.1,0.1,0.9647058823529412
361,"(64, 64)",relu,sgd,0.0001,0.001,0.9647058823529412
114,"(8, 8)",logistic,adam,0.01,1.0,0.9647058823529412
359,"(32, 32)",logistic,adam,0.1,1.0,0.9647058823529412
433,"(64, 64)",tanh,adam,0.01,0.1,0.9647058823529412
402,"(64, 64)",tanh,sgd,0.0001,0.01,0.9647058823529412
403,"(64, 64)",tanh,sgd,0.0001,0.1,0.9647058823529412
354,"(32, 32)",logistic,adam,0.01,1.0,0.9647058823529412
410,"(64, 64)",tanh,sgd,0.01,0.0001,0.9647058823529412
1,"(8, 8)",relu,sgd,0.0001,0.001,0.9647058823529412
296,"(32, 32)",tanh,sgd,0.1,0.001,0.9647058823529412
351,"(32, 32)",logistic,adam,0.01,0.001,0.9647058823529412
318,"(32, 32)",tanh,adam,0.1,0.1,0.9647058823529412
319,"(32, 32)",tanh,adam,0.1,1.0,0.9529411764705882
478,"(64, 64)",logistic,adam,0.1,0.1,0.9529411764705882
439,"(64, 64)",tanh,adam,0.1,1.0,0.9529411764705882
315,"(32, 32)",tanh,adam,0.1,0.0001,0.9529411764705882
56,"(8, 8)",tanh,sgd,0.1,0.001,0.9529411764705882
358,"(32, 32)",logistic,adam,0.1,0.1,0.9529411764705882
287,"(32, 32)",tanh,sgd,0.001,0.01,0.9529411764705882
63,"(8, 8)",tanh,adam,0.0001,0.1,0.9529411764705882
524,"(128, 128)",tanh,sgd,0.0001,1.0,0.9529411764705882
3,"(8, 8)",relu,sgd,0.0001,0.1,0.9529411764705882
115,"(8, 8)",logistic,adam,0.1,0.0001,0.9529411764705882
596,"(128, 128)",logistic,adam,0.1,0.001,0.9411764705882353
356,"(32, 32)",logistic,adam,0.1,0.001,0.9411764705882353
555,"(128, 128)",tanh,adam,0.1,0.0001,0.9411764705882353
557,"(128, 128)",tanh,adam,0.1,0.01,0.9294117647058824
436,"(64, 64)",tanh,adam,0.1,0.001,0.9294117647058824
517,"(128, 128)",relu,adam,0.1,0.01,0.9294117647058824
119,"(8, 8)",logistic,adam,0.1,1.0,0.9294117647058824
438,"(64, 64)",tanh,adam,0.1,0.1,0.9294117647058824
196,"(16, 16)",tanh,adam,0.1,0.001,0.9294117647058824
199,"(16, 16)",tanh,adam,0.1,1.0,0.9176470588235294
599,"(128, 128)",logistic,adam,0.1,1.0,0.9176470588235294
78,"(8, 8)",tanh,adam,0.1,0.1,0.9176470588235294
556,"(128, 128)",tanh,adam,0.1,0.001,0.9058823529411765
195,"(16, 16)",tanh,adam,0.1,0.0001,0.9058823529411765
317,"(32, 32)",tanh,adam,0.1,0.01,0.9058823529411765
197,"(16, 16)",tanh,adam,0.1,0.01,0.9058823529411765
516,"(128, 128)",relu,adam,0.1,0.001,0.8941176470588236
198,"(16, 16)",tanh,adam,0.1,0.1,0.8941176470588236
558,"(128, 128)",tanh,adam,0.1,0.1,0.8941176470588236
35,"(8, 8)",relu,adam,0.1,0.0001,0.8941176470588236
559,"(128, 128)",tanh,adam,0.1,1.0,0.8941176470588236
237,"(16, 16)",logistic,adam,0.1,0.01,0.8941176470588236
76,"(8, 8)",tanh,adam,0.1,0.001,0.8941176470588236
437,"(64, 64)",tanh,adam,0.1,0.01,0.8941176470588236
539,"(128, 128)",tanh,sgd,0.1,1.0,0.8941176470588236
157,"(16, 16)",relu,adam,0.1,0.01,0.8823529411764706
75,"(8, 8)",tanh,adam,0.1,0.0001,0.8823529411764706
316,"(32, 32)",tanh,adam,0.1,0.001,0.8588235294117647
353,"(32, 32)",logistic,adam,0.01,0.1,0.8588235294117647
276,"(32, 32)",relu,adam,0.1,0.001,0.8352941176470589
18,"(8, 8)",relu,sgd,0.1,0.1,0.8352941176470589
519,"(128, 128)",relu,adam,0.1,1.0,0.8235294117647058
158,"(16, 16)",relu,adam,0.1,0.1,0.8117647058823529
399,"(64, 64)",relu,adam,0.1,1.0,0.7764705882352941
397,"(64, 64)",relu,adam,0.1,0.01,0.7411764705882353
137,"(16, 16)",relu,sgd,0.1,0.01,0.7176470588235294
515,"(128, 128)",relu,adam,0.1,0.0001,0.6941176470588235
138,"(16, 16)",relu,sgd,0.1,0.1,0.6705882352941176
36,"(8, 8)",relu,adam,0.1,0.001,0.5764705882352941
443,"(64, 64)",logistic,sgd,0.0001,0.1,0.5647058823529412
203,"(16, 16)",logistic,sgd,0.0001,0.1,0.5529411764705883
257,"(32, 32)",relu,sgd,0.1,0.01,0.5529411764705883
200,"(16, 16)",logistic,sgd,0.0001,0.0001,0.5411764705882353
201,"(16, 16)",logistic,sgd,0.0001,0.001,0.5411764705882353
204,"(16, 16)",logistic,sgd,0.0001,1.0,0.5411764705882353
39,"(8, 8)",relu,adam,0.1,1.0,0.5411764705882353
499,"(128, 128)",relu,sgd,0.1,1.0,0.5411764705882353
376,"(64, 64)",relu,sgd,0.1,0.001,0.5411764705882353
495,"(128, 128)",relu,sgd,0.1,0.0001,0.5411764705882353
135,"(16, 16)",relu,sgd,0.1,0.0001,0.5411764705882353
136,"(16, 16)",relu,sgd,0.1,0.001,0.5411764705882353
379,"(64, 64)",relu,sgd,0.1,1.0,0.5411764705882353
256,"(32, 32)",relu,sgd,0.1,0.001,0.5411764705882353
258,"(32, 32)",relu,sgd,0.1,0.1,0.5411764705882353
139,"(16, 16)",relu,sgd,0.1,1.0,0.5411764705882353
378,"(64, 64)",relu,sgd,0.1,0.1,0.5411764705882353
561,"(128, 128)",logistic,sgd,0.0001,0.001,0.5411764705882353
259,"(32, 32)",relu,sgd,0.1,1.0,0.5411764705882353
444,"(64, 64)",logistic,sgd,0.0001,1.0,0.5411764705882353
442,"(64, 64)",logistic,sgd,0.0001,0.01,0.5411764705882353
440,"(64, 64)",logistic,sgd,0.0001,0.0001,0.5411764705882353
323,"(32, 32)",logistic,sgd,0.0001,0.1,0.5411764705882353
82,"(8, 8)",logistic,sgd,0.0001,0.01,0.5411764705882353
16,"(8, 8)",relu,sgd,0.1,0.001,0.5411764705882353
15,"(8, 8)",relu,sgd,0.1,0.0001,0.5411764705882353
321,"(32, 32)",logistic,sgd,0.0001,0.001,0.5411764705882353
560,"(128, 128)",logistic,sgd,0.0001,0.0001,0.5411764705882353
562,"(128, 128)",logistic,sgd,0.0001,0.01,0.5411764705882353
563,"(128, 128)",logistic,sgd,0.0001,0.1,0.5411764705882353
37,"(8, 8)",relu,adam,0.1,0.01,0.5411764705882353
322,"(32, 32)",logistic,sgd,0.0001,0.01,0.5411764705882353
80,"(8, 8)",logistic,sgd,0.0001,0.0001,0.5411764705882353
17,"(8, 8)",relu,sgd,0.1,0.01,0.5411764705882353
320,"(32, 32)",logistic,sgd,0.0001,0.0001,0.5294117647058824
564,"(128, 128)",logistic,sgd,0.0001,1.0,0.5294117647058824
255,"(32, 32)",relu,sgd,0.1,0.0001,0.5294117647058824
19,"(8, 8)",relu,sgd,0.1,1.0,0.5058823529411764
441,"(64, 64)",logistic,sgd,0.0001,0.001,0.5058823529411764
324,"(32, 32)",logistic,sgd,0.0001,1.0,0.49411764705882355
498,"(128, 128)",relu,sgd,0.1,0.1,0.47058823529411764
496,"(128, 128)",relu,sgd,0.1,0.001,0.4588235294117647
497,"(128, 128)",relu,sgd,0.1,0.01,0.4588235294117647
83,"(8, 8)",logistic,sgd,0.0001,0.1,0.4588235294117647
202,"(16, 16)",logistic,sgd,0.0001,0.01,0.4588235294117647
81,"(8, 8)",logistic,sgd,0.0001,0.001,0.4588235294117647
377,"(64, 64)",relu,sgd,0.1,0.01,0.4588235294117647
375,"(64, 64)",relu,sgd,0.1,0.0001,0.4470588235294118
84,"(8, 8)",logistic,sgd,0.0001,1.0,0.29411764705882354
